2009. évi I. törvény,2009,23
2009. évi II. törvény,2009,27
2009. évi III. törvény,2009,28
2009. évi V. törvény,2009,28
2009. évi VI. törvény,2009,30
2009. évi VII. törvény,2009,35
2009. évi VIII. törvény,2009,35
2009. évi IX. törvény,2009,35
2009. évi X. törvény,2009,38
2009. évi XI. törvény,2009,38
2009. évi XII. törvény,2009,40
2009. évi XIII. törvény,2009,43
2009. évi XIV. törvény,2009,43
2009. évi XV. törvény,2009,43
2009. évi XVI. törvény,2009,43
2009. évi XVII. törvény,2009,44
2009. évi XVIII. törvény,2009,44
2009. évi XIX. törvény,2009,44
2009. évi XX. törvény,2009,44
2009. évi XXI. törvény,2009,48
2009. évi XXII. törvény,2009,48
2009. évi XXIII. törvény,2009,61
2009. évi XXIV. törvény,2009,61
2009. évi XXV. törvény,2009,61
2009. évi XXVI. törvény,2009,62
2009. évi XXVII. törvény,2009,62
2009. évi XXVIII. törvény,2009,63
2009. évi XXIX. törvény,2009,63
2009. évi XXX. törvény,2009,67
2009. évi XXXI. törvény,2009,67
2009. évi XXXII. törvény,2009,67
2009. évi XXXIII. törvény,2009,67
2009. évi XXXIV. törvény,2009,67
2009. évi XXXV. törvény,2009,68
2009. évi XXXVI. törvény,2009,71
2009. évi XXXVII. törvény,2009,71
2009. évi XXXVIII. törvény,2009,73
2009. évi XXXIX. törvény,2009,73
2009. évi XL. törvény,2009,73
2009. évi XLI. törvény,2009,74
2009. évi XLII. törvény,2009,74
2009. évi XLIII. törvény,2009,74
2009. évi XLV. törvény,2009,81
2009. évi  XLVI. törvény,2009,81
2009. évi XLVIII. törvény,2009,84
2009. évi XLIX. törvény,2009,84
2009. évi L. törvény,2009,85
2009. évi LI. törvény,2009,85
2009. évi LII. törvény,2009,85
2009. évi LIII. törvény,2009,85
2009. évi LIV. törvény,2009,85
2009. évi LV. törvény,2009,86
2009. évi LVI. törvény,2009,88
2009. évi LVII. törvény,2009,88
2009. évi LVIII. törvény,2009,89
2009. évi LIX. törvény,2009,89
2009. évi LX. törvény,2009,89
2009. évi LXI. törvény,2009,89
2009. évi LXII. törvény,2009,89
2009. évi LXIV. törvény,2009,92
2009. évi LXV. törvény,2009,92
2009. évi LXVI. törvény,2009,92
2009. évi LXVII. törvény,2009,92
2009. évi LXVIII. törvény,2009,92
2009. évi LXIX. törvény,2009,92
2009. évi LXX. törvény,2009,92
2009. évi LXXI. törvény,2009,92
2009. évi LXXII. törvény,2009,93
2009. évi LXXIII. törvény,2009,93
2009. évi LXXIV. törvény,2009,93
2009. évi LXXV. törvény,2009,94
2009. évi LXXVI. törvény,2009,94
2009. évi LXXVII. törvény,2009,95
2009. évi LXXVIII. törvény,2009,95
2009. évi LXXIX. törvény,2009,95
2009. évi LXXX. törvény,2009,96
2009. évi LXXXI. törvény,2009,97
2009. évi LXXXII. törvény,2009,97
2009. évi LXXXIII. törvény,2009,97
2009. évi LXXXIV. törvény,2009,100
2009. évi LXXXV. törvény,2009,100
2009. évi LXXXVI. törvény,2009,100
2009. évi LXXXVII. törvény,2009,101
2009. évi LXXXVIII. törvény,2009,104
2009. évi LXXXIX. törvény,2009,133
2009. évi XC. törvény,2009,134
2009. évi XCI. törvény,2009,135
2009. évi XCII. törvény,2009,146
2009. évi XCIII. törvény,2009,146
2009. évi XCIV. törvény,2009,146
2009. évi XCV. törvény,2009,148
2009. évi XCVI. törvény,2009,149
2009. évi XCVII. törvény,2009,149
2009. évi XCVIII. törvény,2009,149
2009. évi XCIX. törvény,2009,149
2009. évi CIII. törvény,2009,153
2009. évi CIV. törvény,2009,155
2009. évi CV. törvény,2009,155
2009. évi CVI. törvény,2009,155
2009. évi CVII. törvény,2009,157
2009. évi CVIII. törvény,2009,157
2009. évi CIX. törvény,2009,157
2009. évi CX. törvény,2009,160
2009. évi CXI. törvény,2009,160
2009. évi CXII. törvény,2009,160
2009. évi CXIII. törvény,2009,160
2009. évi CXIV. törvény,2009,160
2009. évi CXV. törvény,2009,161
2009. évi CXXI. törvény,2009,169
2009. évi CXXII. törvény,2009,169
2009. évi CXXIII. törvény,2009,169
2009. évi CXXIV. törvény,2009,171
2009. évi CXXV. törvény,2009,171
2009. évi CXXVI. törvény,2009,171
2009. évi CXXVII. törvény,2009,171
2009. évi CXXVIII. törvény,2009,177
2009. évi CXXIX. törvény,2009,178
2009. évi CXXX. törvény,2009,179
2009. évi CXXXI. törvény,2009,181
2009. évi CXXXII. törvény,2009,181
2009. évi CXXXIII. törvény,2009,181
2009. évi CXXXIV. törvény,2009,181
2009. évi CXXXV. törvény,2009,181
2009. évi CXXXVI. törvény,2009,181
2009. évi CXXXVII. törvény,2009,181
2009. évi CXXXVIII. törvény,2009,181
2009. évi CXXXIX. törvény,2009,183
2009. évi CXL. törvény,2009,184
2009. évi CXLI. törvény,2009,184
2009. évi CXLII. törvény,2009,184
2009. évi CXLIII. törvény,2009,185
2009. évi CXLIV. törvény,2009,185
2009. évi CXLV. törvény,2009,185
2009. évi CXLVI. törvény,2009,188
2009. évi CXLVIII. törvény,2009,189
2009. évi CXLIX. törvény,2009,189
2009. évi CL. törvény,2009,191
2009. évi CLI. törvény,2009,192
2009. évi CLII. törvény,2009,192
2009. évi CLIII. törvény,2009,192
2009. évi CLIV. törvény,2009,193
2009. évi CLV. törvény,2009,194
2009. évi CLVI. törvény,2009,194
2009. évi CLVII. törvény,2009,194
2009. évi CLVIII. törvény,2009,194
2009. évi CLIX. törvény,2009,196
2009. évi CLX. törvény,2009,196
2009. évi CLXI. törvény,2009,196
2009. évi CLXII. törvény,2009,196
2009. évi CLXIII. törvény,2009,196
2010. évi I. törvény,2010,1
2010. évi II. törvény,2010,1
2010. évi III. törvény,2010,1
2010. évi IV. törvény,2010,1
2010. évi V. törvény,2010,1
2010. évi VI. törvény,2010,2
2010. évi VII. törvény,2010,2
2010. évi VIII. törvény,2010,26
2010. évi IX. törvény,2010,26
2010. évi X. törvény,2010,26
2010. évi XI. törvény,2010,26
2010. évi XII. törvény,2010,28
2010. évi XIII. törvény,2010,28
2010. évi XIV. törvény,2010,28
2010. évi XV. törvény,2010,30
2010. évi XVI. törvény,2010,30
2010. évi XVII. törvény,2010,30
2010. évi XVIII. törvény,2010,30
2010. évi XIX. törvény,2010,32
2010. évi XX. törvény,2010,32
2010. évi XXI. törvény,2010,32
2010. évi XXII. törvény,2010,32
2010. évi XXIII. törvény,2010,32
2010. évi XXIV. törvény,2010,32
2010. évi XXV. törvény,2010,32
2010. évi XXVI. törvény,2010,32
2010. évi XXVII. törvény,2010,32
2010. évi XXVIII. törvény,2010,32
2010. évi XXIX. törvény,2010,32
2010. évi XXX. törvény,2010,33
2010. évi XXXII. törvény,2010,33
2010. évi  XXXIII. törvény,2010,34
2010. évi  XXXIV. törvény,2010,34
2010. évi  XXXV. törvény,2010,34
2010. évi  XXXVI. törvény,2010,34
2010. évi XXXVII. törvény,2010,35
2010. évi XXXVIII. törvény,2010,35
2010. évi XXXIX. törvény,2010,38
2010. évi XL. törvény,2010,38
2010. évi XLI. törvény,2010,38
2010. évi XLII. törvény,2010,85
2010. évi XLIII. törvény,2010,85
2010. évi XLIV. törvény,2010,89
2010. évi XLV. törvény,2010,92
2010. évi XLVI. törvény,2010,93
2010. évi XLVII. törvény,2010,93
2010. évi XLVIII. törvény,2010,93
2010. évi XLIX. törvény,2010,101
2010. évi L. törvény,2010,102
2010. évi LI. törvény,2010,102
2010. évi LII. törvény,2010,102
2010. évi LIII. törvény,2010,103
2010. évi LIV. törvény,2010,106
2010. évi LV. törvény,2010,106
2010. évi LVI. törvény,2010,107
2010. évi LVII. törvény,2010,108
2010. évi LVIII. törvény,2010,108
2010. évi LIX. törvény,2010,108
2010. évi LX. törvény,2010,109
2010. évi LXI. törvény,2010,109
2010. évi LXII. törvény,2010,109
2010. évi LXIII. törvény,2010,109
2010. évi LXIV. törvény,2010,112
2010. évi LXV. törvény,2010,113
2010. évi LXVI. törvény,2010,113
2010. évi LXVII. törvény,2010,113
2010. évi LXVIII. törvény,2010,114
2010. évi LXIX. törvény,2010,117
2010. évi LXX. törvény,2010,117
2010. évi LXXI. törvény,2010,117
2010. évi LXXII. törvény,2010,118
2010. évi LXXIII. törvény,2010,118
2010. évi LXXIV. törvény,2010,118
2010. évi LXXV. törvény,2010,118
2010. évi LXXVI. törvény,2010,121
2010. évi LXXVII. törvény,2010,121
2010. évi LXXX. törvény,2010,128
2010. évi LXXXI. törvény,2010,129
2010. évi LXXXII. törvény,2010,129
2010. évi LXXXIII. törvény,2010,129
2010. évi LXXXIV. törvény,2010,130
2010. évi LXXXV. törvény,2010,130
2010. évi LXXXVI. törvény,2010,130
2010. évi LXXXVII. törvény,2010,131
2010. évi LXXXVIII. törvény,2010,131
2010. évi LXXXIX. törvény,2010,131
2010. évi XC. törvény,2010,132
2010. évi XCI. törvény,2010,148
2010. évi XCII. törvény,2010,152
2010. évi XCIII. törvény,2010,158
2010. évi XCIV. törvény,2010,162
2010. évi XCV. törvény,2010,162
2010. évi XCVI. törvény,2010,165
2010. évi XCVII. törvény,2010,165
2010. évi XCVIII. törvény,2010,165
2010. évi XCIX. törvény,2010,166
2010. évi C. törvény,2010,167
2010. évi CI. törvény,2010,167
2010. évi CII. törvény,2010,167
2010. évi CIII. törvény,2010,167
2010. évi CIV. törvény,2010,170
2010. évi CV. törvény,2010,171
2010. évi CVI. törvény,2010,171
2010. évi CVII. törvény,2010,171
2010. évi CVIII. törvény,2010,171
2010. évi CIX. törvény,2010,171
2010. évi CX. törvény,2010,171
2010. évi CXI. törvény,2010,172
2010. évi CXII. törvény,2010,173
2010. évi CXIII. törvény,2010,174
2010. évi CXIV. törvény,2010,174
2010. évi CXV. törvény,2010,176
2010. évi CXVI. törvény,2010,176
2010. évi CXVII. törvény,2010,176
2010. évi CXVIII. törvény,2010,176
2010. évi CXIX. törvény,2010,177
2010. évi CXX. törvény,2010,177
2010. évi CXXI. törvény,2010,177
2010. évi CXXII. törvény,2010,177
2010. évi CXXIII. törvény,2010,177
2010. évi CXXIV. törvény,2010,177
2010. évi CXXV. törvény,2010,177
2010. évi CXXVI. törvény,2010,177
2010. évi CXXVII. törvény,2010,180
2010. évi CXXVIII. törvény,2010,181
2010. évi CXXIX. törvény,2010,181
2010. évi CXXX. törvény,2010,181
2010. évi CXXXI. törvény,2010,181
2010. évi CXXXII. törvény,2010,181
2010. évi CXXXIII. törvény,2010,181
2010. évi CXXXIV. törvény,2010,183
2010. évi CXXXV. törvény,2010,184
2010. évi CXXXVI. törvény,2010,184
2010. évi CXXXVII. törvény,2010,184
2010. évi CXXXVIII. törvény,2010,184
2010. évi CXXXIX. törvény,2010,184
2010. évi CXL. törvény,2010,184
2010. évi CXLI. törvény,2010,188
2010. évi CXLII. törvény,2010,188
2010. évi CXLIII. törvény,2010,188
2010. évi CXLIV. törvény,2010,188
2010. évi CXLV. törvény,2010,188
2010. évi CXLVI. törvény,2010,188
2010. évi CXLVII. törvény,2010,188
2010. évi CXLVIII. törvény,2010,191
2010. évi CXLIX. törvény,2010,191
2010. évi CL. törvény,2010,191
2010. évi CLI. törvény,2010,191
2010. évi CLII. törvény,2010,192
2010. évi CLIII. törvény,2010,192
2010. évi CLIV. törvény,2010,194
2010. évi CLV. törvény,2010,196
2010. évi CLVI. törvény,2010,196
2010. évi CLVII. törvény,2010,196
2010. évi CLVIII. törvény,2010,196
2010. évi CLIX. törvény,2010,196
2010. évi CLX. törvény,2010,196
2010. évi CLXI. törvény,2010,196
2010. évi CLXII. törvény,2010,196
2010. évi CLXIII. törvény,2010,197
2010. évi CLXIV. törvény,2010,197
2010. évi CLXV. törvény,2010,197
2010. évi CLXVI. törvény,2010,197
2010. évi CLXVII. törvény,2010,197
2010. évi CLXVIII. törvény,2010,197
2010. évi CLXIX. törvény,2010,200
2010. évi CLXX. törvény,2010,200
2010. évi CLXXI. törvény,2010,200
2010. évi CLXXII. törvény,2010,200
2010. évi CLXXIII. törvény,2010,201
2010. évi CLXXIV. törvény,2010,201
2010. évi CLXXV. törvény,2010,201
2010. évi CLXXVI. törvény,2010,201
2010. évi CLXXVII. törvény,2010,201
2010. évi CLXXVIII. törvény,2010,201
2010. évi CLXXIX. törvény,2010,201
2010. évi CLXXX. törvény,2010,201
2010. évi CLXXXI. törvény,2010,201
2010. évi CLXXXII. törvény,2010,201
2010. évi CLXXXIII. törvény,2010,201
2010. évi CLXXXIV. törvény,2010,202
2010. évi CLXXXV. törvény,2010,202
2011. évi I. törvény,2011,17
2011. évi II. törvény,2011,19
2011. évi III. törvény,2011,19
2011. évi IV. törvény,2011,19
2011. évi V. törvény,2011,19
2011. évi VI. törvény,2011,20
2011. évi VII. törvény,2011,20
2011. évi VIII. törvény,2011,20
2011. évi IX. törvény,2011,21
2011. évi X. törvény,2011,21
2011. évi XI. törvény,2011,21
2011. évi XII. törvény,2011,22
2011. évi XIII. törvény,2011,22
2011. évi XIV. törvény,2011,23
2011. évi XV. törvény,2011,25
2011. évi XVI. törvény,2011,26
2011. évi XVII. törvény,2011,26
2011. évi XVIII. törvény,2011,30
2011. évi XIX. törvény,2011,30
2011. évi XX. törvény,2011,30
2011. évi XXI. törvény,2011,30
2011. évi XXII. törvény,2011,30
2011. évi XXIII. törvény,2011,30
2011. évi XXIV. törvény,2011,30
2011. évi XXV. törvény,2011,30
2011. évi XXVI. törvény,2011,30
2011. évi XXVII. törvény,2011,30
2011. évi XXVIII. törvény,2011,30
2011. évi XXIX. törvény,2011,32
2011. évi XXX. törvény,2011,32
2011. évi XXXI. törvény,2011,32
2011. évi XXXII. törvény,2011,32
2011. évi XXXIII. törvény,2011,33
2011. évi XXXIV. törvény,2011,33
2011. évi XXXV. törvény,2011,33
2011. évi XXXVI. törvény,2011,33
2011. évi XXXVII. törvény,2011,36
2011. évi XXXVIII. törvény,2011,40
2011. évi XXXIX. törvény,2011,47
2011. évi XL. törvény,2011,48
2011. évi XLI. törvény,2011,48
2011. évi XLII. törvény,2011,48
2011. évi XLIII. törvény,2011,50
2011. évi XLIV. törvény,2011,50
2011. évi XLV. törvény,2011,50
2011. évi XLVI. törvény,2011,51
2011. évi XLVII. törvény,2011,51
2011. évi XLVIII. törvény,2011,51
2011. évi XLIX. törvény,2011,53
2011. évi L. törvény,2011,53
2011. évi LI. törvény,2011,53
2011. évi LII. törvény,2011,56
2011. évi LIII. törvény,2011,57
2011. évi LIV. törvény,2011,57
2011. évi LV. törvény,2011,58
2011. évi LVI. törvény,2011,61
2011. évi LVII. törvény,2011,61
2011. évi LVIII. törvény,2011,61
2011. évi LIX. törvény,2011,62
2011. évi LX. törvény,2011,62
2011. évi LXI. törvény,2011,63
2011. évi LXII. törvény,2011,63
2011. évi LXIII. törvény,2011,66
2011. évi LXIV. törvény,2011,66
2011. évi LXV. törvény,2011,66
2011. évi LXVI. törvény,2011,69
2011. évi LXVII. törvény,2011,69
2011. évi LXVIII. törvény,2011,69
2011. évi LXIX. törvény,2011,69
2011. évi LXX. törvény,2011,69
2011. évi LXXI. törvény,2011,69
2011. évi LXXII. törvény,2011,70
2011. évi LXXIII. törvény,2011,70
2011. évi LXXIV. törvény,2011,70
2011. évi LXXV. törvény,2011,71
2011. évi LXXVI. törvény,2011,71
2011. évi LXXVII. törvény,2011,71
2011. évi LXXVIII. törvény,2011,73
2011. évi LXXIX. törvény,2011,73
2011. évi LXXX. törvény,2011,73
2011. évi LXXXI. törvény,2011,74
2011. évi LXXXII. törvény,2011,74
2011. évi LXXXIII. törvény,2011,75
2011. évi LXXXIV. törvény,2011,75
2011. évi LXXXV. törvény,2011,75
2011. évi LXXXVI. törvény,2011,75
2011. évi LXXXVII. törvény,2011,75
2011. évi LXXXVIII. törvény,2011,76
2011. évi LXXXIX. törvény,2011,79
2011. évi XC. törvény,2011,79
2011. évi XCI. törvény,2011,79
2011. évi XCII. törvény,2011,79
2011. évi XCIII. törvény,2011,81
2011. évi XCIV. törvény,2011,81
2011. évi XCV. törvény,2011,81
2011. évi XCVI. törvény,2011,81
2011. évi XCVII. törvény,2011,82
2011. évi XCVIII. törvény,2011,85
2011. évi XCIX. törvény,2011,85
2011. évi C. törvény,2011,85
2011. évi CI. törvény,2011,85
2011. évi CII. törvény,2011,85
2011. évi CIII. törvény,2011,85
2011. évi CIV. törvény,2011,85
2011. évi CV. törvény,2011,85
2011. évi CVI. törvény,2011,85
2011. évi CVII. törvény,2011,85
2011. évi CVIII. törvény,2011,86
2011. évi CIX. törvény,2011,88
2011. évi CX. törvény,2011,88
2011. évi CXI. törvény,2011,88
2011. évi CXII. törvény,2011,88
2011. évi CXIII. törvény,2011,89
2011. évi CXIV. törvény,2011,89
2011. évi CXV. törvény,2011,89
2011. évi CXVI. törvény,2011,107
2011. évi CXVII. törvény,2011,108
2011. évi CXVIII. törvény,2011,108
2011. évi CXIX. törvény,2011,108
2011. évi CXX. törvény,2011,108
2011. évi CXXI. törvény,2011,110
2011. évi CXXII. törvény,2011,110
2011. évi CXXIII. törvény,2011,110
2011. évi CXXIV. törvény,2011,111
2011. évi CXXV. törvény,2011,111
2011. évi CXXVI. törvény,2011,112
2011. évi CXXVII. törvény,2011,112
2011. évi CXXVIII. törvény,2011,113
2011. évi CXXIX. törvény,2011,116
2011. évi CXXX. törvény,2011,119
2011. évi CXXXI. törvény,2011,119
2011. évi CXXXII. törvény,2011,120
2011. évi CXXXIII. törvény,2011,121
2011. évi CXXXIV. törvény,2011,125
2011. évi CXXXV. törvény,2011,125
2011. évi CXXXVI. törvény,2011,125
2011. évi CXXXVII. törvény,2011,126
2011. évi CXXXVIII. törvény,2011,126
2011. évi CXXXIX. törvény,2011,126
2011. évi CXL. törvény,2011,128
2011. évi CXLI. törvény,2011,128
2011. évi CXLII. törvény,2011,128
2011. évi CXLIII. törvény,2011,128
2011. évi CXLIV. törvény,2011,128
2011. évi CXLV. törvény,2011,128
2011. évi CXLVI. törvény,2011,132
2011. évi CXLVII. törvény,2011,132
2011. évi CXLVIII. törvény,2011,132
2011. évi CXLIX. törvény,2011,132
2011. évi CL. törvény,2011,135
2011. évi CLI. törvény,2011,136
2011. évi CLII. törvény,2011,137
2011. évi CLIII. törvény,2011,137
2011. évi CLIV. törvény,2011,139
2011. évi CLV. törvény,2011,139
2011. évi CLVI. törvény,2011,140
2011. évi CLVII. törvény,2011,140
2011. évi CLVIII. törvény,2011,140
2011. évi CLIX. törvény,2011,142
2011. évi CLX. törvény,2011,142
2011. évi CLXI. törvény,2011,143
2011. évi CLXII. törvény,2011,143
2011. évi CLXIII. törvény,2011,143
2011. évi CLXIV. törvény,2011,143
2011. évi CLXV. törvény,2011,144
2011. évi CLXVI. törvény,2011,148
2011. évi CLXVII. törvény,2011,148
2011. évi CLXVIII. törvény,2011,148
2011. évi CLXIX. törvény,2011,148
2011. évi CLXX. törvény,2011,151
2011. évi CLXXI. törvény,2011,151
2011. évi CLXXII. törvény,2011,151
2011. évi CLXXIII. törvény,2011,151
2011. évi CLXXIV. törvény,2011,151
2011. évi CLXXV. törvény,2011,151
2011. évi CLXXVI. törvény,2011,151
2011. évi CLXXVII. törvény,2011,151
2011. évi CLXXVIII. törvény,2011,153
2011. évi CLXXIX. törvény,2011,154
2011. évi CLXXX. törvény,2011,157
2011. évi CLXXXI. törvény,2011,157
2011. évi CLXXXII. törvény,2011,157
2011. évi CLXXXIII. törvény,2011,157
2011. évi CLXXXIV. törvény,2011,160
2011. évi CLXXXV. törvény,2011,160
2011. évi CLXXXVI. törvény,2011,160
2011. évi CLXXXVII. törvény,2011,160
2011. évi CLXXXVIII. törvény,2011,161
2011. évi CLXXXIX. törvény,2011,161
2011. évi CXC. törvény,2011,162
2011. évi CXCI. törvény,2011,162
2011. évi CXCII. törvény,2011,162
2011. évi CXCIII. törvény,2011,163
2011. évi CXCIV. törvény,2011,164
2011. évi CXCV. törvény,2011,164
2011. évi CXCVI. törvény,2011,164
2011. évi CXCVII. törvény,2011,164
2011. évi CXCVIII. törvény,2011,164
2011. évi CXCIX. törvény,2011,164
2011. évi CXCX. törvény,2011,164
2011. évi CCI. évi törvény,2011,165
2011. évi CCII. évi törvény,2011,165
2011. évi CCIII. évi törvény,2011,165
2011. évi CCIV. évi törvény,2011,165
2011. évi CCV. évi törvény,2011,165
2011. évi CCVI. törvény,2011,166
2011. évi CCVII. törvény,2011,166
2011. évi CCVIII. törvény,2011,166
2011. évi CCIX. törvény,2011,166
2011. évi CCX. törvény,2011,166
2011. évi CCXI. törvény,2011,166
2012. évi I. törvény,2012,2
2012. évi II. törvény,2012,2
2012. évi III. törvény,2012,17
2012. évi IV. törvény,2012,20
2012. évi V. törvény,2012,22
2012. évi VI. törvény,2012,22
2012. évi VII. törvény,2012,24
2012. évi VIII. törvény,2012,24
2012. évi IX. törvény,2012,26
2012. évi X. törvény,2012,26
2012. évi XI. törvény,2012,26
2012. évi XII. törvény,2012,28
2012. évi XIII. törvény,2012,28
2012. évi XIV. törvény,2012,32
2012. évi XV. törvény,2012,32
2012. évi XVI. törvény,2012,35
2012. évi XVII. törvény,2012,36
2012. évi XVIII. törvény,2012,36
2012. évi XIX. törvény,2012,40
2012. évi XX. törvény,2012,41
2012. évi XXI. törvény,2012,41
2012. évi XXII. törvény,2012,41
2012. évi XXIII. törvény,2012,41
2012. évi XXIV. törvény,2012,41
2012. évi XXV. törvény,2012,41
2012. évi XXVI. törvény,2012,41
2012. évi XXVII. törvény,2012,41
2012. évi XXVIII. törvény,2012,41
2012. évi XXIX. törvény,2012,42
2012. évi XXX. törvény,2012,42
2012. évi XXXI. törvény,2012,44
2012. évi XXXII. törvény,2012,44
2012. évi XXXIII. törvény,2012,44
2012. évi XXXIV. törvény,2012,44
2012. évi XXXV. törvény,2012,45
2012. évi XXXVI. törvény,2012,47
2012. évi XXXVII. törvény,2012,50
2012. évi XXXVIII. törvény,2012,51
2012. évi XXXIX. törvény,2012,51
2012. évi XL. törvény,2012,52
2012. évi XLI. törvény,2012,52
2012. évi XLII. törvény,2012,55
2012. évi XLIII. törvény,2012,55
2012. évi XLIV. törvény,2012,55
2012. évi XLV. törvény,2012,55
2012. évi XLVI. törvény,2012,61
2012. évi XLVII. törvény,2012,61
2012. évi XLVIII. törvény,2012,61
2012. évi XLIX. törvény,2012,61
2012. évi L. törvény,2012,61
2012. évi LI. törvény,2012,62
2012. évi LII. törvény,2012,63
2012. évi LIII. törvény,2012,63
2012. évi LIV. törvény,2012,63
2012. évi LV. törvény,2012,63
2012. évi LVI. törvény,2012,63
2012. évi LVII. törvény,2012,63
2012. évi LVIII. törvény,2012,63
2012. évi LIX. törvény,2012,63
2012. évi LX. törvény,2012,63
2012. évi LXI. törvény,2012,63
2012. évi LXII. törvény,2012,63
2012. évi LXIII. törvény,2012,63
2012. évi LXIV. törvény,2012,66
2012. évi LXV. törvény,2012,71
2012. évi LXVI. törvény,2012,73
2012. évi LXVII. törvény,2012,73
2012. évi LXVIII. törvény,2012,73
2012. évi LXIX. törvény,2012,74
2012. évi LXX. törvény,2012,74
2012. évi LXXI. törvény,2012,74
2012. évi LXXII. törvény,2012,74
2012. évi LXXIII. törvény,2012,75
2012. évi LXXIV. törvény,2012,76
2012. évi LXXV. törvény,2012,76
2012. évi LXXVI. törvény,2012,77
2012. évi LXXVII. törvény,2012,78
2012. évi LXXVIII. törvény,2012,78
2012. évi LXXIX. törvény,2012,78
2012. évi LXXX. törvény,2012,78
2012. évi LXXXI. törvény,2012,78
2012. évi LXXXII. törvény,2012,78
2012. évi LXXXIII. törvény,2012,79
2012. évi LXXXIV. törvény,2012,79
2012. évi LXXXV. törvény,2012,79
2012. évi LXXXVI. törvény,2012,80
2012. évi LXXXVII. törvény,2012,82
2012. évi LXXXVIII. törvény,2012,82
2012. évi LXXXIX. törvény,2012,82
2012. évi XC. törvény,2012,84
2012. évi XCI. törvény,2012,86
2012. évi XCII. törvény,2012,86
2012. évi XCIII. törvény,2012,86
2012. évi XCIV. törvény,2012,86
2012. évi XCV. törvény,2012,86
2012. évi XCVI. törvény,2012,87
2012. évi XCVII. törvény,2012,87
2012. évi XCVIII. törvény,2012,87
2012. évi XCIX. törvény,2012,91
2012. évi C. törvény,2012,92
2012. évi CI. törvény,2012,93
2012. évi CII. törvény,2012,93
2012. évi CIII. törvény,2012,93
2012. évi CIV. törvény,2012,93
2012. évi CV. törvény,2012,93
2012. évi CVI. törvény,2012,93
2012. évi CVII. törvény,2012,93
2012. évi CVIII. törvény,2012,93
2012. évi CIX. törvény,2012,94
2012. évi CX. törvény,2012,94
2012. évi CXI. törvény,2012,94
2012. évi CXII. törvény,2012,94
2012. évi CXIV. törvény,2012,98
2012. évi CXV. törvény,2012,98
2012. évi CXVI. törvény,2012,98
2012. évi CXVII. törvény,2012,98
2012. évi CXVIII. törvény,2012,98
2012. évi CXIX. törvény,2012,98
2012. évi CXX. törvény,2012,98
2012. évi CXXI. törvény,2012,98
2012. évi CXXII. törvény,2012,98
2012. évi CXXIII. törvény,2012,99
2012. évi CXXIV. törvény,2012,99
2012. évi CXXV. törvény,2012,99
2012. évi CXXVI. törvény,2012,99
2012. évi CXXVII. törvény,2012,99
2012. évi CXXVIII. törvény,2012,99
2012. évi CXXIX. törvény,2012,99
2012. évi CXXX. törvény,2012,99
2012. évi CXXXI. törvény,2012,101
2012. évi CXXXII. törvény,2012,122
2012. évi CXXXIII. törvény,2012,125
2012. évi CXXXIV. törvény,2012,125
2012. évi CXXXV. törvény,2012,125
2012. évi CXXXVI. törvény,2012,125
2012. évi CXXXVII. törvény,2012,125
2012. évi CXXXVIII. törvény,2012,128
2012. évi CXXXIX. törvény,2012,128
2012. évi CXL. törvény,2012,128
2012. évi CXLI. törvény,2012,133
2012. évi CXLII. törvény,2012,133
2012. évi CXLIII. törvény,2012,133
2012. évi CXLIV. törvény,2012,133
2012. évi CXLV. törvény,2012,136
2012. évi CXLVI. törvény,2012,136
2012. évi CXLVII. törvény,2012,136
2012. évi CXLVIII. törvény,2012,136
2012. évi CXLIX. törvény,2012,136
2012. évi CL. törvény,2012,140
2012. évi CLI. törvény,2012,140
2012. évi CLII. törvény,2012,140
2012. évi CLIII. törvény,2012,140
2012. évi CLIV. törvény,2012,140
2012. évi CLV. törvény,2012,140
2012. évi CLVI. törvény,2012,140
2012. évi CLVII. törvény,2012,144
2012. évi CLVIII. törvény,2012,149
2012. évi CLIX. törvény,2012,149
2012. évi CLX. törvény,2012,149
2012. évi CLXI. törvény,2012,149
2012. évi CLXII. törvény,2012,149
2012. évi CLXIII. törvény,2012,150
2012. évi CLXIV. törvény,2012,150
2012. évi CLXV. törvény,2012,154
2012. évi CLXVI. törvény,2012,154
2012. évi CLXVII. törvény,2012,155
2012. évi CLXVIII. törvény,2012,155
2012. évi CLXIX. törvény,2012,155
2012. évi CLXX. törvény,2012,157
2012. évi CLXXI. törvény,2012,157
2012. évi CLXXII. törvény,2012,157
2012. évi CLXXIII. törvény,2012,157
2012. évi CLXXIV. törvény,2012,157
2012. évi CLXXV. törvény,2012,157
2012. évi CLXXVI. törvény,2012,157
2012. évi CLXXVII. törvény,2012,157
2012. évi CLXXVIII. törvény,2012,159
2012. évi CLXXIX. törvény,2012,159
2012. évi CLXXX. törvény,2012,160
2012. évi CLXXXI. törvény,2012,160
2012. évi CLXXXII. törvény,2012,160
2012. évi CLXXXIII. törvény,2012,160
2012. évi CLXXXIV. törvény,2012,160
2012. évi CLXXXV. törvény,2012,160
2012. évi CLXXXVI. törvény,2012,160
2012. évi CLXXXVII. törvény,2012,162
2012. évi CLXXXVIII. törvény,2012,164
2012. évi CLXXXIX. törvény,2012,164
2012. évi CXC. törvény,2012,164
2012. évi CXCI. törvény,2012,164
2012. évi CXCII. törvény,2012,164
2012. évi CXCIII. törvény,2012,165
2012. évi CXCIV. törvény,2012,165
2012. évi CXCV. törvény,2012,167
2012. évi CXCVI. törvény,2012,170
2012. évi CXCVII. törvény,2012,170
2012. évi CXCVIII. törvény,2012,170
2012. évi CXCIX. törvény,2012,170
2012. évi CC. törvény,2012,170
2012. évi CCI. törvény,2012,170
2012. évi CCII. törvény,2012,170
2012. évi CCIII. törvény,2012,170
2012. évi CCIV. törvény,2012,172
2012. évi CCV. törvény,2012,172
2012. évi CCVI. törvény,2012,177
2012. évi CCVII. törvény,2012,177
2012. évi CCVIII. törvény,2012,178
2012. évi CCIX. törvény,2012,180
2012. évi CCX. törvény,2012,180
2012. évi CCXI. törvény,2012,180
2012. évi CCXII. törvény,2012,180
2012. évi CCXIII. törvény,2012,180
2012. évi CCXIV. törvény,2012,180
2012. évi CCXV. törvény,2012,180
2012. évi CCXVI. törvény,2012,180
2012. évi CCXVII. törvény,2012,180
2012. évi CCXVIII. törvény,2012,180
2012. évi CCXIX. törvény,2012,180
2012. évi CCXX. törvény,2012,180
2012. évi CCXXI. törvény,2012,180
2012. évi CCXXII. törvény,2012,180
2012. évi CCXXIII. törvény,2012,181
2013. évi I. törvény,2013,28
2013. évi II. törvény,2013,28
2013. évi III. törvény,2013,29
2013. évi IV. törvény,2013,30
2013. évi V. törvény,2013,31
2013. évi VI. törvény,2013,32
2013. évi VII. törvény,2013,37
2013. évi VIII. törvény,2013,37
2013. évi IX. törvény,2013,37
2013. évi X. törvény,2013,41
2013. évi XI. törvény,2013,43
2013. évi XII. törvény,2013,43
2013. évi XIII. törvény,2013,46
2013. évi XIV. törvény,2013,46
2013. évi XV. törvény,2013,46
2013. évi XVI. törvény,2013,46
2013. évi XVII. törvény,2013,46
2013. évi XVIII. törvény,2013,46
2013. évi XIX. törvény,2013,46
2013. évi XX. törvény,2013,49
2013. évi XXI. törvény,2013,49
2013. évi XXII. törvény,2013,51
2013. évi XXIII. törvény,2013,51
2013. évi XXIV. törvény,2013,51
2013. évi XXV. törvény,2013,51
2013. évi XXVI. törvény,2013,51
2013. évi XXVII. törvény,2013,54
2013. évi XXX. törvény,2013,54
2013. évi XXXI. törvény,2013,56
2013. évi XXXII. törvény,2013,56
2013. évi XXXIII. törvény,2013,57
2013. évi XXXIV. törvény,2013,57
2013. évi XXXV. törvény,2013,57
2013. évi XXXVI. törvény,2013,66
2013. évi XXXVII. törvény,2013,66
2013. évi XXXVIII. törvény,2013,66
2013. évi XXXIX. törvény,2013,66
2013. évi XL. törvény,2013,66
2013. évi XLI. törvény,2013,66
2013. évi XLIII. törvény,2013,67
2013. évi XLIV. törvény,2013,67
2013. évi XLV. törvény,2013,67
2013. évi XLVIII. törvény,2013,69
2013. évi XLIX. törvény,2013,69
2013. évi L. törvény,2013,69
2013. évi LI. törvény,2013,69
2013. évi LII. törvény,2013,72
2013. évi LIII. törvény,2013,72
2013. évi LV. törvény,2013,73
2013. évi LVI. törvény,2013,73
2013. évi LVII. törvény,2013,77
2013. évi LX. törvény,2013,80
2013. évi LXI. törvény,2013,80
2013. évi LXII. törvény,2013,80
2013. évi LXIX. törvény,2013,86
2013. évi LXXI. törvény,2013,86
2013. évi LXXII. törvény,2013,87
2013. évi LXXIII. törvény,2013,91
2013. évi LXXIV. törvény,2013,91
2013. évi LXXV. törvény,2013,91
2013. évi LXXVI. törvény,2013,91
2013. évi LXXVII. törvény,2013,96
2013. évi LXXVIII. törvény,2013,96
2013. évi LXXIX. törvény,2013,96
2013. évi LXXX. törvény,2013,96
2013. évi LXXXI. törvény,2013,96
2013. évi LXXXII. törvény,2013,96
2013. évi LXXXIII. törvény,2013,97
2013. évi LXXXIV. törvény,2013,97
2013. évi LXXXV. törvény,2013,97
2013. évi LXXXVI. törvény,2013,97
2013. évi LXXXVII. törvény,2013,101
2013. évi LXXXVIII. törvény,2013,101
2013. évi LXXXIX. törvény,2013,101
2013. évi XC. törvény,2013,101
2013. évi XCI. törvény,2013,101
2013. évi XCII. törvény,2013,101
2013. évi XCIII. törvény,2013,101
2013. évi XCIV. törvény,2013,101
2013. évi XCV. törvény,2013,101
2013. évi XCVI. törvény,2013,101
2013. évi XCVII. törvény,2013,102
2013. évi XCVIII. törvény,2013,102
2013. évi XCIX. törvény,2013,102
2013. évi C. törvény,2013,102
2013. évi CI. törvény,2013,102
2013. évi CII. törvény,2013,102
2013. évi CIII. törvény,2013,103
2013. évi CIV. törvény,2013,105
2013. évi CV. törvény,2013,105
2013. évi CVI. törvény,2013,105
2013. évi CVII. törvény,2013,105
2013. évi CVIII. törvény,2013,105
2013. évi CIX. törvény,2013,106
2013. évi CX. törvény,2013,106
2013. évi CXI. törvény,2013,107
2013. évi CXII. törvény,2013,108
2013. évi CXIII. törvény,2013,108
2013. évi CXIV. törvény,2013,108
2013. évi CXV. törvény,2013,108
2013. évi CXVI. törvény,2013,108
2013. évi CXVII. törvény,2013,108
2013. évi CXVIII. törvény,2013,108
2013. évi CXIX. törvény,2013,108
2013. évi CXX. törvény,2013,108
2013. évi CXXI. törvény,2013,108
2013. évi CXXII. törvény,2013,111
2013. évi CXXIII. törvény,2013,111
2013. évi CXXIV. törvény,2013,111
2013. évi CXXV. törvény,2013,115
2013. évi CXXVI. törvény,2013,115
2013. évi CXXX. törvény,2013,117
2013. évi CXXXI. törvény,2013,120
2013. évi CXXXII. törvény,2013,120
2013. évi CXXXIII. törvény,2013,120
2013. évi CXXXVI. törvény,2013,120
2013. évi CXXXVIII. törvény,2013,152
2013. évi CXLVI. törvény,2013,165
2013. évi CXLVIII. törvény,2013,165
2013. évi CLI. törvény,2013,166
2013. évi CLII. törvény,2013,166
2013. évi CLV. törvény,2013,172
2013. évi CLVI. törvény,2013,172
2013. évi CLVIII. törvény,2013,172
2013. évi CLIX. törvény,2013,172
2013. évi CLX. törvény,2013,172
2013. évi CLXI. törvény,2013,173
2013. évi CLXII. törvény,2013,173
2013. évi CLXIII. törvény,2013,173
2013. évi CLXIV. törvény,2013,173
2013. évi CLXV. törvény,2013,173
2013. évi CLXVI. törvény,2013,173
2013. évi CLXVII. törvény,2013,173
2013. évi CLXVIII. törvény,2013,173
2013. évi CLXX. törvény,2013,174
2013. évi CLXXI. törvény,2013,185
2013. évi CLXXII. törvény,2013,185
2013. évi CLXXIII. törvény,2013,185
2013. évi CLXXIV. törvény,2013,185
2013. évi CLXXV. törvény,2013,185
2013. évi CLXXVI. törvény,2013,185
2013. évi CLXXVII. törvény,2013,185
2013. évi CLXXVIII. törvény,2013,185
2013. évi CLXXIX. törvény,2013,185
2013. évi CLXXX. törvény,2013,185
2013. évi CLXXXI. törvény,2013,185
2013. évi CLXXXII. törvény,2013,187
2013. évi CLXXXIII. törvény,2013,187
2013. évi CLXXXIV. törvény,2013,187
2013. évi CLXXXV. törvény,2013,187
2013. évi CLXXXVI. törvény,2013,190
2013. évi CLXXXVII. törvény,2013,193
2013. évi CLXXXVIII. törvény,2013,193
2013. évi CLXXXIX. törvény,2013,193
2013. évi CXC. törvény,2013,193
2013. évi CXCI. törvény,2013,193
2013. évi CXCII. törvény,2013,193
2013. évi CXCIII. törvény,2013,194
2013. évi CXCIV. törvény,2013,194
2013. évi CXCV. törvény,2013,194
2013. évi CXCVI. törvény,2013,194
2013. évi CXCVII. törvény,2013,198
2013. évi CXCVIII.  törvény,2013,198
2013. évi CXCIX. törvény,2013,198
2013. évi CCII. törvény,2013,200
2013. évi CCIV. törvény,2013,202
2013. évi CCV. törvény,2013,202
2013. évi CCVI. törvény,2013,204
2013. évi CCVII. törvény,2013,205
2013. évi CCXVI. törvény,2013,208
2013. évi CCXVII. törvény,2013,208
2013. évi CCXIX. törvény,2013,213
2013. évi CCXX. törvény,2013,213
2013. évi CCXXI. törvény,2013,213
2013. évi CCXXII. törvény,2013,213
2013. évi CCXXIII. törvény,2013,213
2013. évi CCXXIV. törvény,2013,213
2013. évi CCXXVI. törvény,2013,213
2013. évi CCXXVII. törvény,2013,213
2013. évi CCXXVIII. törvény,2013,213
2013. évi CCXXX. törvény,2013,216
2013. évi CCXXXI. törvény,2013,216
2013. évi CCXXXII. törvény,2013,216
2013. évi CCXXXIII. törvény,2013,216
2013. évi CCXXXIV. törvény,2013,216
2013. évi CCXXXV. törvény,2013,217
2013. évi CCXXXVI. törvény,2013,217
2013. évi CCXXXVII. törvény,2013,217
2013. évi CCXLVIII. törvény,2013,221
2013. évi CCXLIX. törvény,2013,221
2013. évi CCL. törvény,2013,221
2013. évi CCLI. törvény,2013,221
2014. évi III. törvény,2014,18
2014. évi IV. törvény,2014,18
2014. évi V. törvény,2014,18
2014. évi VI. törvény,2014,18
2014. évi VII. törvény,2014,18
2014. évi IX. törvény,2014,20
2014. évi X. törvény,2014,20
2014. évi XII. törvény,2014,25
2014. évi XIII. törvény,2014,25
2014. évi XVII. törvény,2014,71
2014. évi XVIII. törvény,2014,71
2014. évi XIX. törvény,2014,71
2014. évi XX. törvény,2014,75
2014. évi XXI. törvény,2014,78
2014. évi XXII. törvény,2014,82
2014. évi XXIII. törvény,2014,82
2014. évi XXIV. törvény,2014,91
2014. évi XXVII. törvény,2014,91
2014. évi XXVIII. törvény,2014,92
2014. évi XXIX. törvény,2014,92
2014. évi XXX. törvény,2014,93
2014. évi XXXI. törvény,2014,93
2014. évi XXXII. törvény,2014,93
2014. évi XXXIV. törvény,2014,95
2014. évi XXXV. törvény,2014,95
2014. évi XXXVII. törvény,2014,98
2014. évi XXXVIII. törvény,2014,98
2014. évi XXXIX. törvény,2014,133
2014. évi XLVII. törvény,2014,147
2014. évi XLVIII. törvény,2014,147
2014. évi L. törvény,2014,147
2014. évi LI. törvény,2014,147
2014. évi LII. törvény,2014,147
2014. évi LIV. törvény,2014,152
2014. évi LVI. törvény,2014,154
2014. évi LVII. törvény,2014,154
2014. évi LX. törvény,2014,154
2014. évi LXIII. törvény,2014,159
2014. évi LXIV. törvény,2014,159
2014. évi LXV. törvény,2014,159
2014. évi LXVI. törvény,2014,159
2014. évi LXVIII. törvény,2014,160
2014. évi LXIX. törvény,2014,160
2014. évi LXX. törvény,2014,160
2014. évi LXXI. törvény,2014,160
2014. évi LXXII. törvény,2014,160
2014. évi LXXIII. törvény,2014,160
2014. évi LXXV. törvény,2014,168
2014. évi LXXVI. törvény,2014,168
2014. évi LXXVII. törvény,2014,168
2014. évi LXXVIII. törvény,2014,168
2014. évi LXXIX. törvény,2014,168
2014. évi LXXX. törvény,2014,169
2014. évi LXXXII. törvény,2014,169
2014. évi LXXXVIII. törvény,2014,182
2014. évi LXXXIX. törvény,2014,183
2014. évi XC. törvény,2014,183
2014. évi XCII. törvény,2014,183
2014. évi XCIII. törvény,2014,183
2014. évi XCIV. törvény,2014,183
2014. évi XCV. törvény,2014,183
2014. évi XCVII. törvény,2014,183
2014. évi XCVIII. törvény,2014,183
2014. évi CI. törvény,2014,184
2014. évi CII. törvény,2014,186
2014. évi CIV. törvény,2014,186
2014. évi CV. törvény,2014,186
2014. évi CVI. törvény,2014,186
2014. évi CVII. törvény,2014,186
2014. évi CVIII. törvény,2014,186
2014. évi CIX. törvény,2014,186
2014. évi CX. törvény,2014,186
2014. évi CXIII. törvény,2014,186
2015. évi I. törvény,2015,23
2015. évi II. törvény,2015,23
2015. évi VI. törvény,2015,29
2015. évi VII. törvény,2015,29
2015. évi XV. törvény,2015,41
2015. évi XVI. törvény,2015,41
2015. évi XVII. törvény,2015,41
2015. évi XVIII. törvény,2015,41
2015. évi XIX. törvény,2015,41
2015. évi XX. törvény,2015,41
2015. évi XXI. törvény,2015,41
2015. évi XXIV. törvény,2015,41
2015. évi XXV. törvény,2015,41
2015. évi XXVI. törvény,2015,41
2015. évi XXVIII. törvény,2015,41
2015. évi XXIX. törvény,2015,47
2015. évi XXX. törvény,2015,47
2015. évi XXXI. törvény,2015,47
2015. évi XXXII. törvény,2015,47
2015. évi XXXIII. törvény,2015,47
2015. évi XXXIV. törvény,2015,47
2015. évi XXXV. törvény,2015,47
2015. évi XXXVI. törvény,2015,47
2015. évi XXXVII. törvény,2015,47
2015. évi XXXVIII. törvény,2015,47
2015. évi XXXIX. törvény,2015,53
2015. évi XL. törvény,2015,53
2015. évi XLI. törvény,2015,57
2015. évi XLII. törvény,2015,57
2015. évi XLIII. törvény,2015,57
2015. évi XLIV. törvény,2015,57
2015. évi XLV. törvény,2015,57
2015. évi LVII. törvény,2015,70
2015. évi LVIII. törvény,2015,70
2015. évi LIX. törvény,2015,77
2015. évi LX. törvény,2015,77
2015. évi LXI. törvény,2015,77
2015. évi LXII. törvény,2015,77
2015. évi LXIII. törvény,2015,77
2015. évi LXIV. törvény,2015,77
2015. évi LXV. törvény,2015,77
2015. évi LXVI. törvény,2015,77
2015. évi LXVII. törvény,2015,77
2015. évi LXIX. törvény,2015,78
2015. évi LXX. törvény,2015,84
2015. évi LXXI. törvény,2015,84
2015. évi LXXII. törvény,2015,84
2015. évi LXXIII. törvény,2015,84
2015. évi LXXIV. törvény,2015,84
2015. évi LXXV. törvény,2015,84
2015. évi LXXVI. törvény,2015,84
2015. évi LXXVII. törvény,2015,84
2015. évi LXXVIII. törvény,2015,84
2015. évi LXXIX. törvény,2015,84
2015. évi LXXX. törvény,2015,84
2015. évi LXXXI. törvény,2015,90
2015. évi LXXXII. törvény,2015,90
2015. évi LXXXIII. törvény,2015,92
2015. évi LXXXIV. törvény,2015,92
2015. évi LXXXV. törvény,2015,92
2015. évi LXXXVI. törvény,2015,92
2015. évi LXXXVIII. törvény,2015,93
2015. évi XCI. törvény,2015,96
2015. évi XCII. törvény,2015,96
2015. évi XCIII. törvény,2015,96
2015. évi XCIV. törvény,2015,96
2015. évi XCV. törvény,2015,96
2015. évi XCVI. törvény,2015,96
2015. évi XCVII. törvény,2015,96
2015. évi XCVIII. törvény,2015,96
2015. évi XCIX. törvény,2015,96
2015. évi C. törvény,2015,97
2015. évi CIV. törvény,2015,97
2015. évi CXXI. törvény,2015,102
2015. évi CXXII. törvény,2015,102
2015. évi CXXIII. törvény,2015,102
2015. évi CXXIV. törvény,2015,102
2015. évi CXXV. törvény,2015,102
2015. évi CXXVI. törvény,2015,102
2015. évi CXXVII. törvény,2015,102
2015. évi CXXVIII. törvény,2015,102
2015. évi CXXIX. törvény,2015,102
2015. évi CXXX. törvény,2015,102
2015. évi CXXXI. törvény,2015,102
2015. évi CXXXII. törvény,2015,102
2015. évi CXXXIII. törvény,2015,102
2015. évi CXXXIV. törvény,2015,102
2015. évi CXXXV. törvény,2015,102
2015. évi CXXXVI. törvény,2015,102
2015. évi CXXXVII. törvény,2015,102
2015. évi CXXXVIII. törvény,2015,102
2015. évi CXXXIX. törvény,2015,102
2015. évi CXL. törvény,2015,124
2015. évi CXLII. törvény,2015,134
2015. évi CXLIV. törvény,2015,142
2015. évi CXLV. törvény,2015,142
2015. évi CXLVI. törvény,2015,145
2015. évi CXLVII. törvény,2015,145
2015. évi CLVI. törvény,2015,153
2015. évi CLVII. törvény,2015,157
2015. évi CLVIII. törvény,2015,157
2015. évi CLIX. törvény,2015,157
2015. évi CLX. törvény,2015,157
2015. évi CLXI. törvény,2015,160
2015. évi CLXII. törvény,2015,160
2015. évi CLXIII. törvény,2015,160
2015. évi CLXIV. törvény,2015,172
2015. évi CLXV. törvény,2015,172
2015. évi CLXVIII. törvény,2015,172
2015. évi CLXIX. törvény,2015,172
2015. évi CLXX. törvény,2015,173
2015. évi CLXXII. törvény,2015,175
2015. évi CLXXIII. törvény,2015,175
2015. évi CLXXXVII. törvény,2015,183
2015. évi CLXXXVIII. törvény,2015,183
2015. évi CXCIV. törvény,2015,194
2015. évi CXCVIII. törvény,2015,195
2015. évi CXCIX. törvény,2015,195
2015. évi CC. törvény,2015,195
2015. évi CCII. törvény,2015,195
2015. évi CCIV. törvény,2015,195
2015. évi CCV. törvény,2015,195
2015. évi CCVI. törvény,2015,195
2015. évi CCVII. törvény,2015,195
2015. évi CCVIII. törvény,2015,195
2015. évi CCIX. törvény,2015,195
2015. évi CCXI. törvény,2015,195
2015. évi CCXIV. törvény,2015,201
2015. évi CCXV. törvény,2015,201
2015. évi CCXVII. törvény,2015,201
2015. évi CCXXII. törvény,2015,202
2015. évi CCXXIII. törvény,2015,202
2015. évi CCXXIV. törvény,2015,202
2015. évi CCXXVII. törvény,2015,202
2015. évi CCXXIX. törvény,2015,205
2016. évi III. törvény,2016,34
2016. évi IV. törvény,2016,34
2016. évi V. törvény,2016,34
2016. évi VI. törvény,2016,34
2016. évi VII. törvény,2016,34
2016. évi VIII. törvény,2016,34
2016. évi XI. törvény,2016,40
2016. évi XIV. törvény,2016,49
2016. évi XV. törvény,2016,49
2016. évi XVIII. törvény,2016,49
2016. évi XIX. törvény,2016,49
2016. évi XXI. törvény,2016,49
2016. évi XXII. törvény,2016,49
2016. évi XXIII. törvény,2016,53
2016. évi XXVII. törvény,2016,55
2016. évi XXVIII. törvény,2016,56
2016. évi XXXVII. törvény,2016,71
2016. évi XXXVIII. törvény,2016,71
2016. évi XL. törvény,2016,71
2016. évi XLI. törvény,2016,71
2016. évi XLIII. törvény,2016,71
2016. évi XLIV. törvény,2016,71
2016. évi XLV. törvény,2016,71
2016. évi XLVI. törvény,2016,71
2016. évi XLVII. törvény,2016,71
2016. évi XLVIII. törvény,2016,71
2016. évi L. törvény,2016,73
2016. évi LI. törvény,2016,73
2016. évi LIII. törvény,2016,76
2016. évi LIV. törvény,2016,76
2016. évi LV. törvény,2016,80
2016. évi LVI. törvény,2016,80
2016. évi LXII. törvény,2016,86
2016. évi LXIII. törvény,2016,86
2016. évi LXIV. törvény,2016,86
2016. évi LXV. törvény,2016,87
2016. évi LXVI. törvény,2016,87
2016. évi LXVII. törvény,2016,88
2016. évi LXVIII. törvény,2016,88
2016. évi LXIX. törvény,2016,88
2016. évi LXX. törvény,2016,88
2016. évi XCI. törvény,2016,91
2016. évi XCIII. törvény,2016,92
2016. évi XCIV. törvény,2016,92
2016. évi XCV. törvény,2016,151
2016. évi XCVI. törvény,2016,151
2016. évi XCVII. törvény,2016,151
2016. évi XCVIII. törvény,2016,158
2016. évi XCIX. törvény,2016,158
2016. évi C. törvény,2016,158
2016. évi CI. törvény,2016,158
2016. évi CII. törvény,2016,158
2016. évi CIII. törvény,2016,159
2016. évi CIV. törvény,2016,159
2016. évi CV. törvény,2016,162
2016. évi CXVI. törvény,2016,178
2016. évi CXVII. törvény,2016,178
2016. évi CXVIII. törvény,2016,178
2016. évi CXIX. törvény,2016,178
2016. évi CXX. törvény,2016,178
2016. évi CXXI. törvény,2016,178
2016. évi CXXII. törvény,2016,179
2016. évi CXXIII. törvény,2016,179
2016. évi CXXIV. törvény,2016,179
2016. évi CXXV. törvény,2016,182
2016. évi CXXVI. törvény,2016,182
2016. évi CXXVII. törvény,2016,189
2016. évi CXXVIII. törvény,2016,189
2016. évi CXXIX. törvény,2016,189
2016. évi CXXX. törvény,2016,190
2016. évi CXXXI. törvény,2016,191
2016. évi CXXXII. törvény,2016,191
2016. évi CXXXIII. törvény,2016,191
2016. évi CXXXIV. törvény,2016,191
2016. évi CXXXV. törvény,2016,191
2016. évi CXXXVI. törvény,2016,191
2016. évi CXXXVII. törvény,2016,191
2016. évi CXXXVIII. törvény,2016,191
2016. évi CXXXIX. törvény,2016,191
2016. évi CXLI. törvény,2016,199
2016. évi CXLII. törvény,2016,199
2016. évi CXLIII. törvény,2016,199
2016. évi CXLIV. törvény,2016,199
2016. évi CXLV. törvény,2016,199
2016. évi CXLVI. törvény,2016,199
2016. évi CXLVII. törvény,2016,199
2016. évi CXLVIII. törvény,2016,199
2016. évi CXLIX. törvény,2016,199
2016. évi CLII. törvény,2016,203
2016. évi CLIII. törvény,2016,203
2016. évi CLV. törvény,2016,203
2016. évi CLVIII. törvény,2016,203
2016. évi CLX. törvény,2016,203
2016. évi CLXI. törvény,2016,203
2016. évi CLXII. törvény,2016,203
2016. évi CLXIV. törvény,2016,203
2016. évi CLXV. törvény,2016,208
2016. évi CLXVI. törvény,2016,208
2016. évi CLXVII. törvény,2016,208
2016. évi CLXIX. törvény,2016,208
2016. évi CLXX. törvény,2016,209
2016. évi CLXXI. törvény,2016,209
2016. évi CLXXII. törvény,2016,209
2016. évi CLXXIII. törvény,2016,209
2016. évi CLXXIV. törvény,2016,209
2016. évi CLXXVI. törvény,2016,209
2016. évi CLXXVII. törvény,2016,210
2016. évi CLXXVIII. törvény,2016,210
2016. évi CLXXX. törvény,2016,210
2016. évi CLXXXI. törvény,2016,210
2016. évi CLXXXII. törvény,2016,210
2016. évi CLXXXIII. törvény,2016,210
2016. évi CLXXXIV. törvény,2016,210
2016. évi CLXXXV. törvény,2016,210
2016. évi CLXXXVI. törvény,2016,210
2016. évi CLXXXIX. törvény,2016,212
2016. évi CXC. törvény,2016,212
2017. évi I. törvény,2017,30
2017. évi III. törvény,2017,37
2017. évi IV. törvény,2017,37
2017. évi V. törvény,2017,37
2017. évi VI. törvény,2017,37
2017. évi VII. törvény,2017,37
2017. évi IX. törvény,2017,37
2017. évi X. törvény,2017,37
2017. évi XI. törvény,2017,37
2017. évi XIV. törvény,2017,37
2017. évi XV. törvény,2017,37
2017. évi XVI. törvény,2017,37
2017. évi XVII. törvény,2017,39
2017. évi XVIII. törvény,2017,39
2017. évi XIX. törvény,2017,39
2017. évi XX. törvény,2017,39
2017. évi XXI. törvény,2017,43
2017. évi XXIII. törvény,2017,45
2017. évi XXIV. törvény,2017,45
2017. évi XXV. törvény,2017,53
2017. évi XXVI. törvény,2017,54
2017. évi XXVII. törvény,2017,54
2017. évi XXVIII. törvény,2017,54
2017. évi XXIX. törvény,2017,54
2017. évi XXX. törvény,2017,61
2017. évi XXXI. törvény,2017,61
2017. évi XXXII. törvény,2017,61
2017. évi XXXIII. törvény,2017,61
2017. évi XXXIV. törvény,2017,69
2017. évi XXXVI. törvény,2017,69
2017. évi XXXVII. törvény,2017,69
2017. évi XXXVIII. törvény,2017,69
2017. évi XLII. törvény,2017,69
2017. évi XLV. törvény,2017,74
2017. évi XLVI. törvény,2017,74
2017. évi XLVII. törvény,2017,74
2017. évi XLIX. törvény,2017,74
2017. évi LI. törvény,2017,75
2017. évi LII. törvény,2017,75
2017. évi LIV. törvény,2017,75
2017. évi LV. törvény,2017,75
2017. évi LVI. törvény,2017,75
2017. évi LVII. törvény,2017,79
2017. évi LVIII. törvény,2017,84
2017. évi LIX. törvény,2017,84
2017. évi LX. törvény,2017,85
2017. évi LXI. törvény,2017,85
2017. évi LXII. törvény,2017,85
2017. évi LXIII. törvény,2017,85
2017. évi LXIV. törvény,2017,85
2017. évi LXV. törvény,2017,85
2017. évi LXVI. törvény,2017,85
2017. évi LXVII. törvény,2017,85
2017. évi LXXI. törvény,2017,92
2017. évi LXXII. törvény,2017,92
2017. évi LXXIII. törvény,2017,92
2017. évi LXXIV. törvény,2017,92
2017. évi LXXV. törvény,2017,92
2017. évi LXXVI. törvény,2017,93
2017. évi LXXVII. törvény,2017,93
2017. évi LXXVIII. törvény,2017,95
2017. évi LXXIX. törvény,2017,97
2017. évi LXXX. törvény,2017,97
2017. évi LXXXI. törvény,2017,97
2017. évi LXXXII. törvény,2017,97
2017. évi LXXXIII. törvény,2017,97
2017. évi LXXXIV. törvény,2017,98
2017. évi LXXXVI. törvény,2017,98
2017. évi LXXXVIII. törvény,2017,98
2017. évi LXXXIX. törvény,2017,98
2017. évi XCIX. törvény,2017,100
2017. évi CII. törvény,2017,100
2017. évi CIV. törvény,2017,106
2017. évi CV. törvény,2017,156
2017. évi CVI. törvény,2017,156
2017. évi CVII. törvény,2017,166
2017. évi CVIII. törvény,2017,166
2017. évi CIX. törvény,2017,166
2017. évi CX. törvény,2017,166
2017. évi CXI.  törvény,2017,166
2017. évi CXII. törvény,2017,166
2017. évi CXIII. törvény,2017,166
2017. évi CXIV. törvény,2017,166
2017. évi CXV. törvény,2017,166
2017. évi CXVI. törvény,2017,166
2017. évi CXVII. törvény,2017,166
2017. évi CXVIII. törvény,2017,166
2017. évi CXIX. törvény,2017,166
2017. évi CXX. törvény,2017,166
2017. évi CXXI. törvény,2017,166
2017. évi CXXII. törvény,2017,166
2017. évi CXXIII. törvény,2017,166
2017. évi CXXV. törvény,2017,171
2017. évi CXXVI. törvény,2017,171
2017. évi CXXVII. törvény,2017,171
2017. évi CXXVIII. törvény,2017,172
2017. évi CXXIX. törvény,2017,172
2017. évi CXXX. törvény,2017,174
2017. évi CXXXI. törvény,2017,174
2017. évi CXXXIX. törvény,2017,183
2017. évi CXLI. törvény,2017,184
2017. évi CXLIII. törvény,2017,184
2017. évi CXLVI. törvény,2017,184
2017. évi CXLVIII. törvény,2017,192
2017. évi CXLIX. törvény,2017,192
2017. évi CL. törvény,2017,192
2017. évi CLI. törvény,2017,192
2017. évi CLII. törvény,2017,193
2017. évi CLIV. törvény,2017,193
2017. évi CLV. törvény,2017,193
2017. évi CLVI. törvény,2017,193
2017. évi CLVII. törvény,2017,193
2017. évi CLVIII. törvény,2017,193
2017. évi CLIX. törvény,2017,193
2017. évi CLXI. törvény,2017,193
2017. évi CLXII. törvény,2017,193
2017. évi CLXIII. törvény,2017,193
2017. évi CLXIV. törvény,2017,193
2017. évi CLXV. törvény,2017,193
2017. évi CLXVI. törvény,2017,193
2017. évi CLXVII. törvény,2017,195
2017. évi CLXVIII. törvény,2017,195
2017. évi CLXX. törvény,2017,207
2017. évi CLXXI. törvény,2017,207
2017. évi CLXXII. törvény,2017,207
2017. évi CLXXIII. törvény,2017,207
2017. évi CLXXIV. törvény,2017,207
2017. évi CLXXV. törvény,2017,207
2017. évi CLXXVI. törvény,2017,207
2017. évi CLXXVII. törvény,2017,207
2017. évi CLXXIX. törvény,2017,207
2017. évi CLXXX. törvény,2017,207
2017. évi CLXXXI. törvény,2017,207
2017. évi CLXXXIII. törvény,2017,207
2017. évi CLXXXIV. törvény,2017,207
2017. évi CLXXXV. törvény,2017,214
2017. évi CLXXXVI. törvény,2017,214
2017. évi CLXXXVII. törvény,2017,214
2017. évi CLXXXVIII. törvény,2017,214
2017. évi CLXXXIX. törvény,2017,214
2017. évi CXC. törvény,2017,214
2017. évi CXCII. törvény,2017,214
2017. évi CXCIV. törvény,2017,214
2017. évi CXCV. törvény,2017,214
2017. évi CXCVI. törvény,2017,214
2017. évi CXCVIII. törvény,2017,218
2017. évi CXCIX. törvény,2017,218
2017. évi CCI. törvény,2017,218
2017. évi CCII. törvény,2017,218
2017. évi CCIII. törvény,2017,218
2017. évi CCIV. törvény,2017,218
2017. évi CCV. törvény,2017,218
2017. évi CCVII. törvény,2017,218
2017. évi CCVIII. törvény,2017,220
